<?xml version="1.0" ?>
<LOG_ROOT>
	<PROJECT NAME="alu">
		<CBX_INST_ENTRY INSTANCE_NAME="|alu|lpm_add_sub:Add1" CBX_FILE_NAME="add_sub_2ph.tdf"/>
		<CBX_INST_ENTRY INSTANCE_NAME="|alu|lpm_divide:Div0" CBX_FILE_NAME="lpm_divide_h8m.tdf"/>
		<CBX_INST_ENTRY INSTANCE_NAME="|alu|lpm_mult:Mult0" CBX_FILE_NAME="mult_nn01.tdf"/>
		<CBX_INST_ENTRY INSTANCE_NAME="|alu|lpm_mult:Mult0|mult_nn01:auto_generated|lpm_add_sub:op_3" CBX_FILE_NAME="add_sub_deh.tdf"/>
		<CBX_INST_ENTRY INSTANCE_NAME="|alu|lpm_mult:Mult0|mult_nn01:auto_generated|lpm_add_sub:op_7" CBX_FILE_NAME="add_sub_ceh.tdf"/>
		<CBX_INST_ENTRY INSTANCE_NAME="|alu|lpm_divide:Mod0" CBX_FILE_NAME="lpm_divide_k0m.tdf"/>
		<CBX_INST_ENTRY INSTANCE_NAME="|alu|lpm_mult:Mult0|mult_nn01:auto_generated|lpm_add_sub:op_4" CBX_FILE_NAME="add_sub_8eh.tdf"/>
		<CBX_INST_ENTRY INSTANCE_NAME="|alu|lpm_mult:Mult0|mult_nn01:auto_generated|lpm_add_sub:op_8" CBX_FILE_NAME="add_sub_pch.tdf"/>
		<CBX_INST_ENTRY INSTANCE_NAME="|alu|lpm_mult:Mult0|mult_nn01:auto_generated|lpm_add_sub:op_1" CBX_FILE_NAME="add_sub_aeh.tdf"/>
		<CBX_INST_ENTRY INSTANCE_NAME="|alu|lpm_mult:Mult0|mult_nn01:auto_generated|lpm_add_sub:op_5" CBX_FILE_NAME="add_sub_beh.tdf"/>
		<CBX_INST_ENTRY INSTANCE_NAME="|alu|lpm_mult:Mult0|mult_nn01:auto_generated|lpm_add_sub:op_9" CBX_FILE_NAME="add_sub_9gh.tdf"/>
		<CBX_INST_ENTRY INSTANCE_NAME="|alu|lpm_add_sub:Add0" CBX_FILE_NAME="add_sub_1ph.tdf"/>
		<CBX_INST_ENTRY INSTANCE_NAME="|alu|lpm_mult:Mult0|mult_nn01:auto_generated|lpm_add_sub:op_2" CBX_FILE_NAME="add_sub_7eh.tdf"/>
		<CBX_INST_ENTRY INSTANCE_NAME="|alu|lpm_mult:Mult0|mult_nn01:auto_generated|lpm_add_sub:op_6" CBX_FILE_NAME="add_sub_9eh.tdf"/>
	</PROJECT>
</LOG_ROOT>
